-- phpMyAdmin SQL Dump
-- version 5.2.0
-- https://www.phpmyadmin.net/
--
-- Host: 127.0.0.1
-- Generation Time: Jan 24, 2023 at 01:24 PM
-- Server version: 10.4.24-MariaDB
-- PHP Version: 8.1.6

SET SQL_MODE = "NO_AUTO_VALUE_ON_ZERO";
START TRANSACTION;
SET time_zone = "+00:00";


/*!40101 SET @OLD_CHARACTER_SET_CLIENT=@@CHARACTER_SET_CLIENT */;
/*!40101 SET @OLD_CHARACTER_SET_RESULTS=@@CHARACTER_SET_RESULTS */;
/*!40101 SET @OLD_COLLATION_CONNECTION=@@COLLATION_CONNECTION */;
/*!40101 SET NAMES utf8mb4 */;

--
-- Database: `inventori`
--

-- --------------------------------------------------------

--
-- Table structure for table `tmbarang`
--

CREATE TABLE `tmbarang` (
  `id` int(11) NOT NULL,
  `kode` varchar(10) NOT NULL,
  `nama` varchar(50) NOT NULL,
  `id_kategori` int(11) NOT NULL,
  `satuan` varchar(20) NOT NULL,
  `stok` int(11) NOT NULL
) ENGINE=InnoDB DEFAULT CHARSET=latin1;

--
-- Dumping data for table `tmbarang`
--

INSERT INTO `tmbarang` (`id`, `kode`, `nama`, `id_kategori`, `satuan`, `stok`) VALUES
(20, '31', 'kulkas', 9, '10000', 191);

-- --------------------------------------------------------

--
-- Table structure for table `tmkategori`
--

CREATE TABLE `tmkategori` (
  `id` int(11) NOT NULL,
  `nama` varchar(50) NOT NULL,
  `no_rak` int(11) NOT NULL
) ENGINE=InnoDB DEFAULT CHARSET=latin1;

--
-- Dumping data for table `tmkategori`
--

INSERT INTO `tmkategori` (`id`, `nama`, `no_rak`) VALUES
(9, 'samsung', 41);

-- --------------------------------------------------------

--
-- Table structure for table `tmpelanggan`
--

CREATE TABLE `tmpelanggan` (
  `id` int(11) NOT NULL,
  `kode` varchar(10) NOT NULL,
  `nama` varchar(50) NOT NULL,
  `alamat` varchar(200) NOT NULL,
  `no_telp` varchar(15) NOT NULL
) ENGINE=InnoDB DEFAULT CHARSET=latin1;

--
-- Dumping data for table `tmpelanggan`
--

INSERT INTO `tmpelanggan` (`id`, `kode`, `nama`, `alamat`, `no_telp`) VALUES
(4, '11', 'supri', 'bkasi', '0193120312');

-- --------------------------------------------------------

--
-- Table structure for table `tmpetugas`
--

CREATE TABLE `tmpetugas` (
  `id` int(11) NOT NULL,
  `nama` varchar(255) NOT NULL,
  `username` varchar(100) NOT NULL,
  `password` varchar(255) NOT NULL,
  `status` enum('aktif','nonaktif') NOT NULL
) ENGINE=InnoDB DEFAULT CHARSET=latin1;

--
-- Dumping data for table `tmpetugas`
--

INSERT INTO `tmpetugas` (`id`, `nama`, `username`, `password`, `status`) VALUES
(2, 'Dhafva khalish', 'Dhafva', '$2a$10$pHwCP7UECHlNa4Z9Pw5oseXo/EkDsVyv5/EbbJSY8gIS/IjWclGIW', 'aktif'),
(6, 'Barakah Mart Gudang', 'Asus', '$2a$10$FrAlgILUYsB0rXAsXznVbOdXdO8CPNFPznBumubvydN5PYuqDK/ry', 'aktif');

-- --------------------------------------------------------

--
-- Table structure for table `tmsupplier`
--

CREATE TABLE `tmsupplier` (
  `id` int(11) NOT NULL,
  `kode` varchar(10) NOT NULL,
  `nama` varchar(100) NOT NULL,
  `alamat` varchar(200) NOT NULL,
  `no_telp` varchar(15) NOT NULL
) ENGINE=InnoDB DEFAULT CHARSET=latin1;

--
-- Dumping data for table `tmsupplier`
--

INSERT INTO `tmsupplier` (`id`, `kode`, `nama`, `alamat`, `no_telp`) VALUES
(6, '01', 'mamat karim', 'pwt', '0923012391231'),
(7, '02', 'Barakallah ', 'Kepo lu', '081228042005');

-- --------------------------------------------------------

--
-- Table structure for table `trbarang_keluar`
--

CREATE TABLE `trbarang_keluar` (
  `id` int(11) NOT NULL,
  `tgl` date NOT NULL,
  `id_petugas` int(11) NOT NULL,
  `id_pelanggan` int(11) NOT NULL
) ENGINE=InnoDB DEFAULT CHARSET=latin1;

--
-- Dumping data for table `trbarang_keluar`
--

INSERT INTO `trbarang_keluar` (`id`, `tgl`, `id_petugas`, `id_pelanggan`) VALUES
(8, '2023-01-17', 2, 4),
(9, '2023-01-17', 2, 4),
(10, '2023-01-17', 2, 4),
(11, '2023-01-17', 2, 4);

-- --------------------------------------------------------

--
-- Table structure for table `trbarang_keluar_detail`
--

CREATE TABLE `trbarang_keluar_detail` (
  `id` int(11) NOT NULL,
  `id_barang_keluar` int(11) NOT NULL,
  `id_barang` int(11) NOT NULL,
  `jumlah` int(11) NOT NULL
) ENGINE=InnoDB DEFAULT CHARSET=latin1;

--
-- Dumping data for table `trbarang_keluar_detail`
--

INSERT INTO `trbarang_keluar_detail` (`id`, `id_barang_keluar`, `id_barang`, `jumlah`) VALUES
(14, 8, 20, 3),
(15, 9, 20, 3),
(16, 10, 20, 100),
(17, 11, 20, 10);

-- --------------------------------------------------------

--
-- Table structure for table `trbarang_masuk`
--

CREATE TABLE `trbarang_masuk` (
  `id` int(11) NOT NULL,
  `tgl` date NOT NULL,
  `id_petugas` int(11) NOT NULL,
  `id_supplier` int(11) NOT NULL
) ENGINE=InnoDB DEFAULT CHARSET=latin1;

--
-- Dumping data for table `trbarang_masuk`
--

INSERT INTO `trbarang_masuk` (`id`, `tgl`, `id_petugas`, `id_supplier`) VALUES
(8, '2023-01-17', 2, 6),
(9, '2023-01-17', 2, 7),
(10, '2023-01-17', 2, 7);

-- --------------------------------------------------------

--
-- Table structure for table `trbarang_masuk_detail`
--

CREATE TABLE `trbarang_masuk_detail` (
  `id` int(11) NOT NULL,
  `id_barang_masuk` int(11) NOT NULL,
  `id_barang` int(11) NOT NULL,
  `jumlah` int(11) NOT NULL
) ENGINE=InnoDB DEFAULT CHARSET=latin1;

--
-- Dumping data for table `trbarang_masuk_detail`
--

INSERT INTO `trbarang_masuk_detail` (`id`, `id_barang_masuk`, `id_barang`, `jumlah`) VALUES
(15, 8, 20, 1),
(16, 9, 20, 100),
(17, 10, 20, 200);

--
-- Indexes for dumped tables
--

--
-- Indexes for table `tmbarang`
--
ALTER TABLE `tmbarang`
  ADD PRIMARY KEY (`id`),
  ADD KEY `myKey` (`id_kategori`);

--
-- Indexes for table `tmkategori`
--
ALTER TABLE `tmkategori`
  ADD PRIMARY KEY (`id`);

--
-- Indexes for table `tmpelanggan`
--
ALTER TABLE `tmpelanggan`
  ADD PRIMARY KEY (`id`);

--
-- Indexes for table `tmpetugas`
--
ALTER TABLE `tmpetugas`
  ADD PRIMARY KEY (`id`);

--
-- Indexes for table `tmsupplier`
--
ALTER TABLE `tmsupplier`
  ADD PRIMARY KEY (`id`);

--
-- Indexes for table `trbarang_keluar`
--
ALTER TABLE `trbarang_keluar`
  ADD PRIMARY KEY (`id`);

--
-- Indexes for table `trbarang_keluar_detail`
--
ALTER TABLE `trbarang_keluar_detail`
  ADD PRIMARY KEY (`id`);

--
-- Indexes for table `trbarang_masuk`
--
ALTER TABLE `trbarang_masuk`
  ADD PRIMARY KEY (`id`);

--
-- Indexes for table `trbarang_masuk_detail`
--
ALTER TABLE `trbarang_masuk_detail`
  ADD PRIMARY KEY (`id`);

--
-- AUTO_INCREMENT for dumped tables
--

--
-- AUTO_INCREMENT for table `tmbarang`
--
ALTER TABLE `tmbarang`
  MODIFY `id` int(11) NOT NULL AUTO_INCREMENT, AUTO_INCREMENT=21;

--
-- AUTO_INCREMENT for table `tmkategori`
--
ALTER TABLE `tmkategori`
  MODIFY `id` int(11) NOT NULL AUTO_INCREMENT, AUTO_INCREMENT=10;

--
-- AUTO_INCREMENT for table `tmpelanggan`
--
ALTER TABLE `tmpelanggan`
  MODIFY `id` int(11) NOT NULL AUTO_INCREMENT, AUTO_INCREMENT=5;

--
-- AUTO_INCREMENT for table `tmpetugas`
--
ALTER TABLE `tmpetugas`
  MODIFY `id` int(11) NOT NULL AUTO_INCREMENT, AUTO_INCREMENT=7;

--
-- AUTO_INCREMENT for table `tmsupplier`
--
ALTER TABLE `tmsupplier`
  MODIFY `id` int(11) NOT NULL AUTO_INCREMENT, AUTO_INCREMENT=8;

--
-- AUTO_INCREMENT for table `trbarang_keluar`
--
ALTER TABLE `trbarang_keluar`
  MODIFY `id` int(11) NOT NULL AUTO_INCREMENT, AUTO_INCREMENT=12;

--
-- AUTO_INCREMENT for table `trbarang_keluar_detail`
--
ALTER TABLE `trbarang_keluar_detail`
  MODIFY `id` int(11) NOT NULL AUTO_INCREMENT, AUTO_INCREMENT=18;

--
-- AUTO_INCREMENT for table `trbarang_masuk`
--
ALTER TABLE `trbarang_masuk`
  MODIFY `id` int(11) NOT NULL AUTO_INCREMENT, AUTO_INCREMENT=11;

--
-- AUTO_INCREMENT for table `trbarang_masuk_detail`
--
ALTER TABLE `trbarang_masuk_detail`
  MODIFY `id` int(11) NOT NULL AUTO_INCREMENT, AUTO_INCREMENT=18;

--
-- Constraints for dumped tables
--

--
-- Constraints for table `tmbarang`
--
ALTER TABLE `tmbarang`
  ADD CONSTRAINT `myKey` FOREIGN KEY (`id_kategori`) REFERENCES `tmkategori` (`id`) ON DELETE CASCADE ON UPDATE CASCADE;
COMMIT;

/*!40101 SET CHARACTER_SET_CLIENT=@OLD_CHARACTER_SET_CLIENT */;
/*!40101 SET CHARACTER_SET_RESULTS=@OLD_CHARACTER_SET_RESULTS */;
/*!40101 SET COLLATION_CONNECTION=@OLD_COLLATION_CONNECTION */;
